<?xml version="1.0" encoding="UTF-8"?>
<metadata xml:lang="en"><Esri><CreaDate>20210219</CreaDate><CreaTime>10240800</CreaTime><ArcGISFormat>1.0</ArcGISFormat><SyncOnce>TRUE</SyncOnce><DataProperties><itemProps><itemLocation><linkage Sync="TRUE">file://\\KCRAWFORD-PC\C$\Users\kacra\Dropbox\Settlement Persistence Project\Samples-Data\Near East Data\GIS\FertileCrescent_region</linkage><protocol Sync="TRUE">Local Area Network</protocol></itemLocation></itemProps><copyHistory><copy source="C:\Users\kacra\Dropbox\ASU Urban Sustanability\Data Paper\Near East Data\GIS\FertileCrescent_region" dest="\\KCRAWFORD-PC\C$\Users\kacra\Dropbox\Settlement Persistence Project\Samples-Data\Near East Data\GIS\FertileCrescent_region" date="20210219" time="10240800"></copy></copyHistory></DataProperties></Esri></metadata>
